--
-- PostgreSQL database dump
--

-- Dumped from database version 12.17 (Ubuntu 12.17-1.pgdg22.04+1)
-- Dumped by pg_dump version 12.17 (Ubuntu 12.17-1.pgdg22.04+1)

SET statement_timeout = 0;
SET lock_timeout = 0;
SET idle_in_transaction_session_timeout = 0;
SET client_encoding = 'UTF8';
SET standard_conforming_strings = on;
SELECT pg_catalog.set_config('search_path', '', false);
SET check_function_bodies = false;
SET xmloption = content;
SET client_min_messages = warning;
SET row_security = off;

DROP DATABASE universe;
--
-- Name: universe; Type: DATABASE; Schema: -; Owner: freecodecamp
--

CREATE DATABASE universe WITH TEMPLATE = template0 ENCODING = 'UTF8' LC_COLLATE = 'C.UTF-8' LC_CTYPE = 'C.UTF-8';


ALTER DATABASE universe OWNER TO freecodecamp;

\connect universe

SET statement_timeout = 0;
SET lock_timeout = 0;
SET idle_in_transaction_session_timeout = 0;
SET client_encoding = 'UTF8';
SET standard_conforming_strings = on;
SELECT pg_catalog.set_config('search_path', '', false);
SET check_function_bodies = false;
SET xmloption = content;
SET client_min_messages = warning;
SET row_security = off;

SET default_tablespace = '';

SET default_table_access_method = heap;

--
-- Name: galaxy; Type: TABLE; Schema: public; Owner: freecodecamp
--

CREATE TABLE public.galaxy (
    galaxy_id integer NOT NULL,
    name character varying(255) NOT NULL,
    galaxy_type text NOT NULL,
    age_in_millions_of_years numeric NOT NULL,
    has_life boolean DEFAULT false,
    is_spherical boolean DEFAULT true
);


ALTER TABLE public.galaxy OWNER TO freecodecamp;

--
-- Name: galaxy_galaxy_id_seq; Type: SEQUENCE; Schema: public; Owner: freecodecamp
--

CREATE SEQUENCE public.galaxy_galaxy_id_seq
    AS integer
    START WITH 1
    INCREMENT BY 1
    NO MINVALUE
    NO MAXVALUE
    CACHE 1;


ALTER TABLE public.galaxy_galaxy_id_seq OWNER TO freecodecamp;

--
-- Name: galaxy_galaxy_id_seq; Type: SEQUENCE OWNED BY; Schema: public; Owner: freecodecamp
--

ALTER SEQUENCE public.galaxy_galaxy_id_seq OWNED BY public.galaxy.galaxy_id;


--
-- Name: moon; Type: TABLE; Schema: public; Owner: freecodecamp
--

CREATE TABLE public.moon (
    moon_id integer NOT NULL,
    name character varying(255) NOT NULL,
    planet_id integer NOT NULL,
    diameter integer NOT NULL,
    is_visible boolean DEFAULT true,
    distance_from_planet numeric NOT NULL
);


ALTER TABLE public.moon OWNER TO freecodecamp;

--
-- Name: moon_moon_id_seq; Type: SEQUENCE; Schema: public; Owner: freecodecamp
--

CREATE SEQUENCE public.moon_moon_id_seq
    AS integer
    START WITH 1
    INCREMENT BY 1
    NO MINVALUE
    NO MAXVALUE
    CACHE 1;


ALTER TABLE public.moon_moon_id_seq OWNER TO freecodecamp;

--
-- Name: moon_moon_id_seq; Type: SEQUENCE OWNED BY; Schema: public; Owner: freecodecamp
--

ALTER SEQUENCE public.moon_moon_id_seq OWNED BY public.moon.moon_id;


--
-- Name: planet; Type: TABLE; Schema: public; Owner: freecodecamp
--

CREATE TABLE public.planet (
    planet_id integer NOT NULL,
    name character varying(255) NOT NULL,
    star_id integer NOT NULL,
    distance_from_star numeric NOT NULL,
    has_life boolean DEFAULT false,
    is_spherical boolean DEFAULT true
);


ALTER TABLE public.planet OWNER TO freecodecamp;

--
-- Name: planet_planet_id_seq; Type: SEQUENCE; Schema: public; Owner: freecodecamp
--

CREATE SEQUENCE public.planet_planet_id_seq
    AS integer
    START WITH 1
    INCREMENT BY 1
    NO MINVALUE
    NO MAXVALUE
    CACHE 1;


ALTER TABLE public.planet_planet_id_seq OWNER TO freecodecamp;

--
-- Name: planet_planet_id_seq; Type: SEQUENCE OWNED BY; Schema: public; Owner: freecodecamp
--

ALTER SEQUENCE public.planet_planet_id_seq OWNED BY public.planet.planet_id;


--
-- Name: spacecraft; Type: TABLE; Schema: public; Owner: freecodecamp
--

CREATE TABLE public.spacecraft (
    spacecraft_id integer NOT NULL,
    name character varying(255) NOT NULL,
    mission text NOT NULL,
    planet_id integer,
    launched boolean DEFAULT false
);


ALTER TABLE public.spacecraft OWNER TO freecodecamp;

--
-- Name: spacecraft_spacecraft_id_seq; Type: SEQUENCE; Schema: public; Owner: freecodecamp
--

CREATE SEQUENCE public.spacecraft_spacecraft_id_seq
    AS integer
    START WITH 1
    INCREMENT BY 1
    NO MINVALUE
    NO MAXVALUE
    CACHE 1;


ALTER TABLE public.spacecraft_spacecraft_id_seq OWNER TO freecodecamp;

--
-- Name: spacecraft_spacecraft_id_seq; Type: SEQUENCE OWNED BY; Schema: public; Owner: freecodecamp
--

ALTER SEQUENCE public.spacecraft_spacecraft_id_seq OWNED BY public.spacecraft.spacecraft_id;


--
-- Name: star; Type: TABLE; Schema: public; Owner: freecodecamp
--

CREATE TABLE public.star (
    star_id integer NOT NULL,
    name character varying(255) NOT NULL,
    galaxy_id integer NOT NULL,
    star_type text NOT NULL,
    size integer NOT NULL,
    is_visible boolean DEFAULT true
);


ALTER TABLE public.star OWNER TO freecodecamp;

--
-- Name: star_star_id_seq; Type: SEQUENCE; Schema: public; Owner: freecodecamp
--

CREATE SEQUENCE public.star_star_id_seq
    AS integer
    START WITH 1
    INCREMENT BY 1
    NO MINVALUE
    NO MAXVALUE
    CACHE 1;


ALTER TABLE public.star_star_id_seq OWNER TO freecodecamp;

--
-- Name: star_star_id_seq; Type: SEQUENCE OWNED BY; Schema: public; Owner: freecodecamp
--

ALTER SEQUENCE public.star_star_id_seq OWNED BY public.star.star_id;


--
-- Name: galaxy galaxy_id; Type: DEFAULT; Schema: public; Owner: freecodecamp
--

ALTER TABLE ONLY public.galaxy ALTER COLUMN galaxy_id SET DEFAULT nextval('public.galaxy_galaxy_id_seq'::regclass);


--
-- Name: moon moon_id; Type: DEFAULT; Schema: public; Owner: freecodecamp
--

ALTER TABLE ONLY public.moon ALTER COLUMN moon_id SET DEFAULT nextval('public.moon_moon_id_seq'::regclass);


--
-- Name: planet planet_id; Type: DEFAULT; Schema: public; Owner: freecodecamp
--

ALTER TABLE ONLY public.planet ALTER COLUMN planet_id SET DEFAULT nextval('public.planet_planet_id_seq'::regclass);


--
-- Name: spacecraft spacecraft_id; Type: DEFAULT; Schema: public; Owner: freecodecamp
--

ALTER TABLE ONLY public.spacecraft ALTER COLUMN spacecraft_id SET DEFAULT nextval('public.spacecraft_spacecraft_id_seq'::regclass);


--
-- Name: star star_id; Type: DEFAULT; Schema: public; Owner: freecodecamp
--

ALTER TABLE ONLY public.star ALTER COLUMN star_id SET DEFAULT nextval('public.star_star_id_seq'::regclass);


--
-- Data for Name: galaxy; Type: TABLE DATA; Schema: public; Owner: freecodecamp
--

INSERT INTO public.galaxy VALUES (1, 'Milky Way', 'Spiral', 13600, true, true);
INSERT INTO public.galaxy VALUES (2, 'Andromeda', 'Spiral', 10000, false, true);
INSERT INTO public.galaxy VALUES (3, 'Triangulum', 'Spiral', 9000, false, true);
INSERT INTO public.galaxy VALUES (4, 'Whirlpool', 'Spiral', 5000, false, true);
INSERT INTO public.galaxy VALUES (5, 'Sombrero', 'Elliptical', 8900, false, true);
INSERT INTO public.galaxy VALUES (6, 'Cartwheel', 'Ring', 1400, false, true);


--
-- Data for Name: moon; Type: TABLE DATA; Schema: public; Owner: freecodecamp
--

INSERT INTO public.moon VALUES (1, 'Moon', 1, 3474, true, 0.384);
INSERT INTO public.moon VALUES (2, 'Phobos', 2, 22, true, 0.009);
INSERT INTO public.moon VALUES (3, 'Deimos', 2, 12, true, 0.024);
INSERT INTO public.moon VALUES (4, 'Europa', 3, 3121, true, 0.671);
INSERT INTO public.moon VALUES (5, 'Ganymede', 3, 5268, true, 1.070);
INSERT INTO public.moon VALUES (6, 'Callisto', 3, 4821, true, 1.883);
INSERT INTO public.moon VALUES (7, 'Titan', 4, 5150, true, 1.222);
INSERT INTO public.moon VALUES (8, 'Rhea', 4, 1528, true, 0.527);
INSERT INTO public.moon VALUES (9, 'Iapetus', 4, 1469, true, 3.56);
INSERT INTO public.moon VALUES (10, 'Charon', 5, 1212, true, 0.02);
INSERT INTO public.moon VALUES (11, 'Nix', 5, 44, false, 0.049);
INSERT INTO public.moon VALUES (12, 'Hydra', 5, 34, false, 0.065);
INSERT INTO public.moon VALUES (13, 'Enceladus', 4, 504, true, 0.238);
INSERT INTO public.moon VALUES (14, 'Tethys', 4, 1066, true, 0.295);
INSERT INTO public.moon VALUES (15, 'Dione', 4, 1122, true, 0.377);
INSERT INTO public.moon VALUES (16, 'Oberon', 3, 1522, true, 1.5);
INSERT INTO public.moon VALUES (17, 'Miranda', 3, 471, true, 1.3);
INSERT INTO public.moon VALUES (18, 'Umbriel', 3, 1169, true, 2.0);
INSERT INTO public.moon VALUES (19, 'Ariel', 3, 1158, true, 1.9);
INSERT INTO public.moon VALUES (20, 'Triton', 6, 2706, true, 1.354);


--
-- Data for Name: planet; Type: TABLE DATA; Schema: public; Owner: freecodecamp
--

INSERT INTO public.planet VALUES (1, 'Earth', 1, 1, true, true);
INSERT INTO public.planet VALUES (2, 'Mars', 1, 1.5, false, true);
INSERT INTO public.planet VALUES (3, 'Jupiter', 1, 5.2, false, true);
INSERT INTO public.planet VALUES (4, 'Saturn', 1, 9.5, false, true);
INSERT INTO public.planet VALUES (5, 'Alpha Centauri Bb', 4, 0.5, false, true);
INSERT INTO public.planet VALUES (6, 'Kepler-22b', 2, 600, true, true);
INSERT INTO public.planet VALUES (7, 'Proxima b', 4, 0.04, true, true);
INSERT INTO public.planet VALUES (8, 'GJ 1214 b', 3, 13, false, true);
INSERT INTO public.planet VALUES (9, 'Kepler-452b', 2, 1400, true, true);
INSERT INTO public.planet VALUES (10, 'HD 209458 b', 5, 153, false, true);
INSERT INTO public.planet VALUES (11, 'Gliese 581 g', 6, 20, true, true);
INSERT INTO public.planet VALUES (12, 'TRAPPIST-1e', 6, 0.029, true, true);


--
-- Data for Name: spacecraft; Type: TABLE DATA; Schema: public; Owner: freecodecamp
--

INSERT INTO public.spacecraft VALUES (1, 'Voyager 1', 'Interstellar exploration', NULL, true);
INSERT INTO public.spacecraft VALUES (2, 'Cassini', 'Saturn exploration', 4, true);
INSERT INTO public.spacecraft VALUES (3, 'New Horizons', 'Pluto flyby', 5, true);
INSERT INTO public.spacecraft VALUES (4, 'Kepler', 'Planet hunting', NULL, true);
INSERT INTO public.spacecraft VALUES (5, 'Apollo 11', 'Moon landing', 1, true);


--
-- Data for Name: star; Type: TABLE DATA; Schema: public; Owner: freecodecamp
--

INSERT INTO public.star VALUES (1, 'Sun', 1, 'G-Type', 1, true);
INSERT INTO public.star VALUES (2, 'Betelgeuse', 1, 'M-Type', 1200, true);
INSERT INTO public.star VALUES (3, 'Rigel', 2, 'B-Type', 24, true);
INSERT INTO public.star VALUES (4, 'Proxima Centauri', 1, 'M-Type', 0, true);
INSERT INTO public.star VALUES (5, 'Vega', 2, 'A-Type', 2, true);
INSERT INTO public.star VALUES (6, 'Sirius', 2, 'A-Type', 2, true);


--
-- Name: galaxy_galaxy_id_seq; Type: SEQUENCE SET; Schema: public; Owner: freecodecamp
--

SELECT pg_catalog.setval('public.galaxy_galaxy_id_seq', 6, true);


--
-- Name: moon_moon_id_seq; Type: SEQUENCE SET; Schema: public; Owner: freecodecamp
--

SELECT pg_catalog.setval('public.moon_moon_id_seq', 21, true);


--
-- Name: planet_planet_id_seq; Type: SEQUENCE SET; Schema: public; Owner: freecodecamp
--

SELECT pg_catalog.setval('public.planet_planet_id_seq', 12, true);


--
-- Name: spacecraft_spacecraft_id_seq; Type: SEQUENCE SET; Schema: public; Owner: freecodecamp
--

SELECT pg_catalog.setval('public.spacecraft_spacecraft_id_seq', 5, true);


--
-- Name: star_star_id_seq; Type: SEQUENCE SET; Schema: public; Owner: freecodecamp
--

SELECT pg_catalog.setval('public.star_star_id_seq', 6, true);


--
-- Name: galaxy galaxy_name_key; Type: CONSTRAINT; Schema: public; Owner: freecodecamp
--

ALTER TABLE ONLY public.galaxy
    ADD CONSTRAINT galaxy_name_key UNIQUE (name);


--
-- Name: galaxy galaxy_pkey; Type: CONSTRAINT; Schema: public; Owner: freecodecamp
--

ALTER TABLE ONLY public.galaxy
    ADD CONSTRAINT galaxy_pkey PRIMARY KEY (galaxy_id);


--
-- Name: moon moon_name_key; Type: CONSTRAINT; Schema: public; Owner: freecodecamp
--

ALTER TABLE ONLY public.moon
    ADD CONSTRAINT moon_name_key UNIQUE (name);


--
-- Name: moon moon_pkey; Type: CONSTRAINT; Schema: public; Owner: freecodecamp
--

ALTER TABLE ONLY public.moon
    ADD CONSTRAINT moon_pkey PRIMARY KEY (moon_id);


--
-- Name: planet planet_name_key; Type: CONSTRAINT; Schema: public; Owner: freecodecamp
--

ALTER TABLE ONLY public.planet
    ADD CONSTRAINT planet_name_key UNIQUE (name);


--
-- Name: planet planet_pkey; Type: CONSTRAINT; Schema: public; Owner: freecodecamp
--

ALTER TABLE ONLY public.planet
    ADD CONSTRAINT planet_pkey PRIMARY KEY (planet_id);


--
-- Name: spacecraft spacecraft_name_key; Type: CONSTRAINT; Schema: public; Owner: freecodecamp
--

ALTER TABLE ONLY public.spacecraft
    ADD CONSTRAINT spacecraft_name_key UNIQUE (name);


--
-- Name: spacecraft spacecraft_pkey; Type: CONSTRAINT; Schema: public; Owner: freecodecamp
--

ALTER TABLE ONLY public.spacecraft
    ADD CONSTRAINT spacecraft_pkey PRIMARY KEY (spacecraft_id);


--
-- Name: star star_name_key; Type: CONSTRAINT; Schema: public; Owner: freecodecamp
--

ALTER TABLE ONLY public.star
    ADD CONSTRAINT star_name_key UNIQUE (name);


--
-- Name: star star_pkey; Type: CONSTRAINT; Schema: public; Owner: freecodecamp
--

ALTER TABLE ONLY public.star
    ADD CONSTRAINT star_pkey PRIMARY KEY (star_id);


--
-- Name: moon moon_planet_id_fkey; Type: FK CONSTRAINT; Schema: public; Owner: freecodecamp
--

ALTER TABLE ONLY public.moon
    ADD CONSTRAINT moon_planet_id_fkey FOREIGN KEY (planet_id) REFERENCES public.planet(planet_id);


--
-- Name: planet planet_star_id_fkey; Type: FK CONSTRAINT; Schema: public; Owner: freecodecamp
--

ALTER TABLE ONLY public.planet
    ADD CONSTRAINT planet_star_id_fkey FOREIGN KEY (star_id) REFERENCES public.star(star_id);


--
-- Name: spacecraft spacecraft_planet_id_fkey; Type: FK CONSTRAINT; Schema: public; Owner: freecodecamp
--

ALTER TABLE ONLY public.spacecraft
    ADD CONSTRAINT spacecraft_planet_id_fkey FOREIGN KEY (planet_id) REFERENCES public.planet(planet_id);


--
-- Name: star star_galaxy_id_fkey; Type: FK CONSTRAINT; Schema: public; Owner: freecodecamp
--

ALTER TABLE ONLY public.star
    ADD CONSTRAINT star_galaxy_id_fkey FOREIGN KEY (galaxy_id) REFERENCES public.galaxy(galaxy_id);


--
-- PostgreSQL database dump complete
--

